8526514.1075851643104.JavaMail.evans@thyme,what
8526514.1075851643104.JavaMail.evans@thyme,now
8526514.1075851643104.JavaMail.evans@thyme,solutions
8526514.1075851643104.JavaMail.evans@thyme,solutions
8526514.1075851643104.JavaMail.evans@thyme,how
8526514.1075851643104.JavaMail.evans@thyme,california
8526514.1075851643104.JavaMail.evans@thyme,might
8526514.1075851643104.JavaMail.evans@thyme,get
8526514.1075851643104.JavaMail.evans@thyme,out
8526514.1075851643104.JavaMail.evans@thyme,of
8526514.1075851643104.JavaMail.evans@thyme,the
8526514.1075851643104.JavaMail.evans@thyme,mess
8526514.1075851643104.JavaMail.evans@thyme,it
8526514.1075851643104.JavaMail.evans@thyme,s
8526514.1075851643104.JavaMail.evans@thyme,in
8526514.1075851643104.JavaMail.evans@thyme,the
8526514.1075851643104.JavaMail.evans@thyme,wall
8526514.1075851643104.JavaMail.evans@thyme,street
8526514.1075851643104.JavaMail.evans@thyme,journal
8526514.1075851643104.JavaMail.evans@thyme,what
8526514.1075851643104.JavaMail.evans@thyme,now
8526514.1075851643104.JavaMail.evans@thyme,looking
8526514.1075851643104.JavaMail.evans@thyme,to
8526514.1075851643104.JavaMail.evans@thyme,washington
8526514.1075851643104.JavaMail.evans@thyme,what
8526514.1075851643104.JavaMail.evans@thyme,can
8526514.1075851643104.JavaMail.evans@thyme,the
8526514.1075851643104.JavaMail.evans@thyme,feds
8526514.1075851643104.JavaMail.evans@thyme,do
8526514.1075851643104.JavaMail.evans@thyme,to
8526514.1075851643104.JavaMail.evans@thyme,make
8526514.1075851643104.JavaMail.evans@thyme,deregulation
8526514.1075851643104.JavaMail.evans@thyme,a
8526514.1075851643104.JavaMail.evans@thyme,less
8526514.1075851643104.JavaMail.evans@thyme,bumpy
8526514.1075851643104.JavaMail.evans@thyme,process
8526514.1075851643104.JavaMail.evans@thyme,the
8526514.1075851643104.JavaMail.evans@thyme,wall
8526514.1075851643104.JavaMail.evans@thyme,street
8526514.1075851643104.JavaMail.evans@thyme,journal
8526514.1075851643104.JavaMail.evans@thyme,what
8526514.1075851643104.JavaMail.evans@thyme,happened
8526514.1075851643104.JavaMail.evans@thyme,lessons
8526514.1075851643104.JavaMail.evans@thyme,from
8526514.1075851643104.JavaMail.evans@thyme,across
8526514.1075851643104.JavaMail.evans@thyme,the
8526514.1075851643104.JavaMail.evans@thyme,seas
8526514.1075851643104.JavaMail.evans@thyme,deregulation
8526514.1075851643104.JavaMail.evans@thyme,is
8526514.1075851643104.JavaMail.evans@thyme,working
8526514.1075851643104.JavaMail.evans@thyme,pretty
8526514.1075851643104.JavaMail.evans@thyme,well
8526514.1075851643104.JavaMail.evans@thyme,in
8526514.1075851643104.JavaMail.evans@thyme,britain
8526514.1075851643104.JavaMail.evans@thyme,but
8526514.1075851643104.JavaMail.evans@thyme,it
8526514.1075851643104.JavaMail.evans@thyme,has
8526514.1075851643104.JavaMail.evans@thyme,taken
8526514.1075851643104.JavaMail.evans@thyme,a
8526514.1075851643104.JavaMail.evans@thyme,long
8526514.1075851643104.JavaMail.evans@thyme,time
8526514.1075851643104.JavaMail.evans@thyme,the
8526514.1075851643104.JavaMail.evans@thyme,wall
8526514.1075851643104.JavaMail.evans@thyme,street
8526514.1075851643104.JavaMail.evans@thyme,journal
8526514.1075851643104.JavaMail.evans@thyme,what
8526514.1075851643104.JavaMail.evans@thyme,now
8526514.1075851643104.JavaMail.evans@thyme,on
8526514.1075851643104.JavaMail.evans@thyme,second
8526514.1075851643104.JavaMail.evans@thyme,thought
8526514.1075851643104.JavaMail.evans@thyme,in
8526514.1075851643104.JavaMail.evans@thyme,the
8526514.1075851643104.JavaMail.evans@thyme,wake
8526514.1075851643104.JavaMail.evans@thyme,of
8526514.1075851643104.JavaMail.evans@thyme,california
8526514.1075851643104.JavaMail.evans@thyme,s
8526514.1075851643104.JavaMail.evans@thyme,power
8526514.1075851643104.JavaMail.evans@thyme,problems
8526514.1075851643104.JavaMail.evans@thyme,many
8526514.1075851643104.JavaMail.evans@thyme,states
8526514.1075851643104.JavaMail.evans@thyme,are
8526514.1075851643104.JavaMail.evans@thyme,taking
8526514.1075851643104.JavaMail.evans@thyme,a
8526514.1075851643104.JavaMail.evans@thyme,wait
8526514.1075851643104.JavaMail.evans@thyme,and
8526514.1075851643104.JavaMail.evans@thyme,see
8526514.1075851643104.JavaMail.evans@thyme,approach
8526514.1075851643104.JavaMail.evans@thyme,to
8526514.1075851643104.JavaMail.evans@thyme,deregulation
8526514.1075851643104.JavaMail.evans@thyme,the
8526514.1075851643104.JavaMail.evans@thyme,wall
8526514.1075851643104.JavaMail.evans@thyme,street
8526514.1075851643104.JavaMail.evans@thyme,journal
8526514.1075851643104.JavaMail.evans@thyme,german
8526514.1075851643104.JavaMail.evans@thyme,deal
8526514.1075851643104.JavaMail.evans@thyme,for
8526514.1075851643104.JavaMail.evans@thyme,u
8526514.1075851643104.JavaMail.evans@thyme,s
8526514.1075851643104.JavaMail.evans@thyme,water
8526514.1075851643104.JavaMail.evans@thyme,utility
8526514.1075851643104.JavaMail.evans@thyme,the
8526514.1075851643104.JavaMail.evans@thyme,new
8526514.1075851643104.JavaMail.evans@thyme,york
8526514.1075851643104.JavaMail.evans@thyme,times
8526514.1075851643104.JavaMail.evans@thyme,germany
8526514.1075851643104.JavaMail.evans@thyme,s
8526514.1075851643104.JavaMail.evans@thyme,rwe
8526514.1075851643104.JavaMail.evans@thyme,agrees
8526514.1075851643104.JavaMail.evans@thyme,to
8526514.1075851643104.JavaMail.evans@thyme,buy
8526514.1075851643104.JavaMail.evans@thyme,american
8526514.1075851643104.JavaMail.evans@thyme,water
8526514.1075851643104.JavaMail.evans@thyme,works
8526514.1075851643104.JavaMail.evans@thyme,for
8526514.1075851643104.JavaMail.evans@thyme,billion
8526514.1075851643104.JavaMail.evans@thyme,plus
8526514.1075851643104.JavaMail.evans@thyme,debt
8526514.1075851643104.JavaMail.evans@thyme,dow
8526514.1075851643104.JavaMail.evans@thyme,jones
8526514.1075851643104.JavaMail.evans@thyme,business
8526514.1075851643104.JavaMail.evans@thyme,news
8526514.1075851643104.JavaMail.evans@thyme,india
8526514.1075851643104.JavaMail.evans@thyme,update
8526514.1075851643104.JavaMail.evans@thyme,enron
8526514.1075851643104.JavaMail.evans@thyme,s
8526514.1075851643104.JavaMail.evans@thyme,dabhol
8526514.1075851643104.JavaMail.evans@thyme,says
8526514.1075851643104.JavaMail.evans@thyme,needs
8526514.1075851643104.JavaMail.evans@thyme,cash
8526514.1075851643104.JavaMail.evans@thyme,to
8526514.1075851643104.JavaMail.evans@thyme,pay
8526514.1075851643104.JavaMail.evans@thyme,lenders
8526514.1075851643104.JavaMail.evans@thyme,reuters
8526514.1075851643104.JavaMail.evans@thyme,english
8526514.1075851643104.JavaMail.evans@thyme,news
8526514.1075851643104.JavaMail.evans@thyme,service
8526514.1075851643104.JavaMail.evans@thyme,uk
8526514.1075851643104.JavaMail.evans@thyme,interview
8526514.1075851643104.JavaMail.evans@thyme,screen
8526514.1075851643104.JavaMail.evans@thyme,trading
8526514.1075851643104.JavaMail.evans@thyme,enhances
8526514.1075851643104.JavaMail.evans@thyme,metals
8526514.1075851643104.JavaMail.evans@thyme,market
8526514.1075851643104.JavaMail.evans@thyme,reuters
8526514.1075851643104.JavaMail.evans@thyme,english
8526514.1075851643104.JavaMail.evans@thyme,news
8526514.1075851643104.JavaMail.evans@thyme,service
8526514.1075851643104.JavaMail.evans@thyme,french
8526514.1075851643104.JavaMail.evans@thyme,electricity
8526514.1075851643104.JavaMail.evans@thyme,bourse
8526514.1075851643104.JavaMail.evans@thyme,to
8526514.1075851643104.JavaMail.evans@thyme,run
8526514.1075851643104.JavaMail.evans@thyme,tests
8526514.1075851643104.JavaMail.evans@thyme,before
8526514.1075851643104.JavaMail.evans@thyme,launch
8526514.1075851643104.JavaMail.evans@thyme,dow
8526514.1075851643104.JavaMail.evans@thyme,jones
8526514.1075851643104.JavaMail.evans@thyme,energy
8526514.1075851643104.JavaMail.evans@thyme,service
8526514.1075851643104.JavaMail.evans@thyme,rwe
8526514.1075851643104.JavaMail.evans@thyme,to
8526514.1075851643104.JavaMail.evans@thyme,buy
8526514.1075851643104.JavaMail.evans@thyme,american
8526514.1075851643104.JavaMail.evans@thyme,water
8526514.1075851643104.JavaMail.evans@thyme,works
8526514.1075851643104.JavaMail.evans@thyme,for
8526514.1075851643104.JavaMail.evans@thyme,billion
8526514.1075851643104.JavaMail.evans@thyme,update
8526514.1075851643104.JavaMail.evans@thyme,bloomberg
8526514.1075851643104.JavaMail.evans@thyme,enron
8526514.1075851643104.JavaMail.evans@thyme,india
8526514.1075851643104.JavaMail.evans@thyme,unit
8526514.1075851643104.JavaMail.evans@thyme,serves
8526514.1075851643104.JavaMail.evans@thyme,second
8526514.1075851643104.JavaMail.evans@thyme,notice
8526514.1075851643104.JavaMail.evans@thyme,to
8526514.1075851643104.JavaMail.evans@thyme,cancel
8526514.1075851643104.JavaMail.evans@thyme,power
8526514.1075851643104.JavaMail.evans@thyme,contract
8526514.1075851643104.JavaMail.evans@thyme,blomberg
8526514.1075851643104.JavaMail.evans@thyme,energy
8526514.1075851643104.JavaMail.evans@thyme,a
8526514.1075851643104.JavaMail.evans@thyme,special
8526514.1075851643104.JavaMail.evans@thyme,report
8526514.1075851643104.JavaMail.evans@thyme,what
8526514.1075851643104.JavaMail.evans@thyme,now
8526514.1075851643104.JavaMail.evans@thyme,solutions
8526514.1075851643104.JavaMail.evans@thyme,solutions
8526514.1075851643104.JavaMail.evans@thyme,how
8526514.1075851643104.JavaMail.evans@thyme,california
8526514.1075851643104.JavaMail.evans@thyme,might
8526514.1075851643104.JavaMail.evans@thyme,get
8526514.1075851643104.JavaMail.evans@thyme,out
8526514.1075851643104.JavaMail.evans@thyme,of
8526514.1075851643104.JavaMail.evans@thyme,the
8526514.1075851643104.JavaMail.evans@thyme,mess
8526514.1075851643104.JavaMail.evans@thyme,it
8526514.1075851643104.JavaMail.evans@thyme,s
8526514.1075851643104.JavaMail.evans@thyme,in
8526514.1075851643104.JavaMail.evans@thyme,by
8526514.1075851643104.JavaMail.evans@thyme,jason
8526514.1075851643104.JavaMail.evans@thyme,leopold
8526514.1075851643104.JavaMail.evans@thyme,the
8526514.1075851643104.JavaMail.evans@thyme,wall
8526514.1075851643104.JavaMail.evans@thyme,street
8526514.1075851643104.JavaMail.evans@thyme,journal
8526514.1075851643104.JavaMail.evans@thyme,r
8526514.1075851643104.JavaMail.evans@thyme,copyright
8526514.1075851643104.JavaMail.evans@thyme,c
8526514.1075851643104.JavaMail.evans@thyme,dow
8526514.1075851643104.JavaMail.evans@thyme,jones
8526514.1075851643104.JavaMail.evans@thyme,company
8526514.1075851643104.JavaMail.evans@thyme,inc
8526514.1075851643104.JavaMail.evans@thyme,just
8526514.1075851643104.JavaMail.evans@thyme,about
8526514.1075851643104.JavaMail.evans@thyme,everyone
8526514.1075851643104.JavaMail.evans@thyme,has
8526514.1075851643104.JavaMail.evans@thyme,an
8526514.1075851643104.JavaMail.evans@thyme,opinion
8526514.1075851643104.JavaMail.evans@thyme,about
8526514.1075851643104.JavaMail.evans@thyme,how
8526514.1075851643104.JavaMail.evans@thyme,to
8526514.1075851643104.JavaMail.evans@thyme,solve
8526514.1075851643104.JavaMail.evans@thyme,california
8526514.1075851643104.JavaMail.evans@thyme,s
8526514.1075851643104.JavaMail.evans@thyme,energy
8526514.1075851643104.JavaMail.evans@thyme,problems
8526514.1075851643104.JavaMail.evans@thyme,from
8526514.1075851643104.JavaMail.evans@thyme,building
8526514.1075851643104.JavaMail.evans@thyme,more
8526514.1075851643104.JavaMail.evans@thyme,power
8526514.1075851643104.JavaMail.evans@thyme,plants
8526514.1075851643104.JavaMail.evans@thyme,to
8526514.1075851643104.JavaMail.evans@thyme,capping
8526514.1075851643104.JavaMail.evans@thyme,prices
8526514.1075851643104.JavaMail.evans@thyme,to
8526514.1075851643104.JavaMail.evans@thyme,doing
8526514.1075851643104.JavaMail.evans@thyme,away
8526514.1075851643104.JavaMail.evans@thyme,with
8526514.1075851643104.JavaMail.evans@thyme,deregulation
8526514.1075851643104.JavaMail.evans@thyme,federal
8526514.1075851643104.JavaMail.evans@thyme,regulators
8526514.1075851643104.JavaMail.evans@thyme,consumer
8526514.1075851643104.JavaMail.evans@thyme,advocates
8526514.1075851643104.JavaMail.evans@thyme,economists
8526514.1075851643104.JavaMail.evans@thyme,and
8526514.1075851643104.JavaMail.evans@thyme,energy
8526514.1075851643104.JavaMail.evans@thyme,companies
8526514.1075851643104.JavaMail.evans@thyme,all
8526514.1075851643104.JavaMail.evans@thyme,have
8526514.1075851643104.JavaMail.evans@thyme,weighed
8526514.1075851643104.JavaMail.evans@thyme,in
8526514.1075851643104.JavaMail.evans@thyme,with
8526514.1075851643104.JavaMail.evans@thyme,plans
8526514.1075851643104.JavaMail.evans@thyme,for
8526514.1075851643104.JavaMail.evans@thyme,ending
8526514.1075851643104.JavaMail.evans@thyme,the
8526514.1075851643104.JavaMail.evans@thyme,electricity
8526514.1075851643104.JavaMail.evans@thyme,shortages
8526514.1075851643104.JavaMail.evans@thyme,and
8526514.1075851643104.JavaMail.evans@thyme,financial
8526514.1075851643104.JavaMail.evans@thyme,distress
8526514.1075851643104.JavaMail.evans@thyme,that
8526514.1075851643104.JavaMail.evans@thyme,have
8526514.1075851643104.JavaMail.evans@thyme,troubled
8526514.1075851643104.JavaMail.evans@thyme,the
8526514.1075851643104.JavaMail.evans@thyme,state
8526514.1075851643104.JavaMail.evans@thyme,over
8526514.1075851643104.JavaMail.evans@thyme,the
8526514.1075851643104.JavaMail.evans@thyme,past
8526514.1075851643104.JavaMail.evans@thyme,year
8526514.1075851643104.JavaMail.evans@thyme,here
8526514.1075851643104.JavaMail.evans@thyme,is
8526514.1075851643104.JavaMail.evans@thyme,a
8526514.1075851643104.JavaMail.evans@thyme,look
8526514.1075851643104.JavaMail.evans@thyme,at
8526514.1075851643104.JavaMail.evans@thyme,what
8526514.1075851643104.JavaMail.evans@thyme,some
8526514.1075851643104.JavaMail.evans@thyme,say
8526514.1075851643104.JavaMail.evans@thyme,california
8526514.1075851643104.JavaMail.evans@thyme,should
8526514.1075851643104.JavaMail.evans@thyme,do
8526514.1075851643104.JavaMail.evans@thyme,now
8526514.1075851643104.JavaMail.evans@thyme,level
8526514.1075851643104.JavaMail.evans@thyme,the
8526514.1075851643104.JavaMail.evans@thyme,playing
8526514.1075851643104.JavaMail.evans@thyme,field
8526514.1075851643104.JavaMail.evans@thyme,for
8526514.1075851643104.JavaMail.evans@thyme,many
8526514.1075851643104.JavaMail.evans@thyme,the
8526514.1075851643104.JavaMail.evans@thyme,solution
8526514.1075851643104.JavaMail.evans@thyme,to
8526514.1075851643104.JavaMail.evans@thyme,california
8526514.1075851643104.JavaMail.evans@thyme,s
8526514.1075851643104.JavaMail.evans@thyme,energy
8526514.1075851643104.JavaMail.evans@thyme,woes
8526514.1075851643104.JavaMail.evans@thyme,is
8526514.1075851643104.JavaMail.evans@thyme,to
8526514.1075851643104.JavaMail.evans@thyme,increase
8526514.1075851643104.JavaMail.evans@thyme,the
8526514.1075851643104.JavaMail.evans@thyme,supply
8526514.1075851643104.JavaMail.evans@thyme,of
8526514.1075851643104.JavaMail.evans@thyme,power
8526514.1075851643104.JavaMail.evans@thyme,in
8526514.1075851643104.JavaMail.evans@thyme,the
8526514.1075851643104.JavaMail.evans@thyme,state
8526514.1075851643104.JavaMail.evans@thyme,by
8526514.1075851643104.JavaMail.evans@thyme,building
8526514.1075851643104.JavaMail.evans@thyme,more
8526514.1075851643104.JavaMail.evans@thyme,power
8526514.1075851643104.JavaMail.evans@thyme,plants
8526514.1075851643104.JavaMail.evans@thyme,a
8526514.1075851643104.JavaMail.evans@thyme,greater
8526514.1075851643104.JavaMail.evans@thyme,supply
8526514.1075851643104.JavaMail.evans@thyme,from
8526514.1075851643104.JavaMail.evans@thyme,more
8526514.1075851643104.JavaMail.evans@thyme,sources
8526514.1075851643104.JavaMail.evans@thyme,would
8526514.1075851643104.JavaMail.evans@thyme,bring
8526514.1075851643104.JavaMail.evans@thyme,wholesale
8526514.1075851643104.JavaMail.evans@thyme,prices
8526514.1075851643104.JavaMail.evans@thyme,down
8526514.1075851643104.JavaMail.evans@thyme,and
8526514.1075851643104.JavaMail.evans@thyme,two
8526514.1075851643104.JavaMail.evans@thyme,california
8526514.1075851643104.JavaMail.evans@thyme,economists
8526514.1075851643104.JavaMail.evans@thyme,severin
8526514.1075851643104.JavaMail.evans@thyme,borenstein
8526514.1075851643104.JavaMail.evans@thyme,at
8526514.1075851643104.JavaMail.evans@thyme,the
8526514.1075851643104.JavaMail.evans@thyme,university
8526514.1075851643104.JavaMail.evans@thyme,of
8526514.1075851643104.JavaMail.evans@thyme,california
8526514.1075851643104.JavaMail.evans@thyme,s
8526514.1075851643104.JavaMail.evans@thyme,energy
8526514.1075851643104.JavaMail.evans@thyme,institute
8526514.1075851643104.JavaMail.evans@thyme,in
8526514.1075851643104.JavaMail.evans@thyme,berkeley
8526514.1075851643104.JavaMail.evans@thyme,and
8526514.1075851643104.JavaMail.evans@thyme,peter
8526514.1075851643104.JavaMail.evans@thyme,navarro
8526514.1075851643104.JavaMail.evans@thyme,at
8526514.1075851643104.JavaMail.evans@thyme,the
8526514.1075851643104.JavaMail.evans@thyme,university
8526514.1075851643104.JavaMail.evans@thyme,of
8526514.1075851643104.JavaMail.evans@thyme,california
8526514.1075851643104.JavaMail.evans@thyme,at
8526514.1075851643104.JavaMail.evans@thyme,irvine
8526514.1075851643104.JavaMail.evans@thyme,argue
8526514.1075851643104.JavaMail.evans@thyme,that
8526514.1075851643104.JavaMail.evans@thyme,the
8526514.1075851643104.JavaMail.evans@thyme,impact
8526514.1075851643104.JavaMail.evans@thyme,would
8526514.1075851643104.JavaMail.evans@thyme,be
8526514.1075851643104.JavaMail.evans@thyme,particularly
8526514.1075851643104.JavaMail.evans@thyme,pronounced
8526514.1075851643104.JavaMail.evans@thyme,in
8526514.1075851643104.JavaMail.evans@thyme,areas
8526514.1075851643104.JavaMail.evans@thyme,where
8526514.1075851643104.JavaMail.evans@thyme,electricity
8526514.1075851643104.JavaMail.evans@thyme,generators
8526514.1075851643104.JavaMail.evans@thyme,now
8526514.1075851643104.JavaMail.evans@thyme,have
8526514.1075851643104.JavaMail.evans@thyme,monopoly
8526514.1075851643104.JavaMail.evans@thyme,or
8526514.1075851643104.JavaMail.evans@thyme,near
8526514.1075851643104.JavaMail.evans@thyme,monopoly
8526514.1075851643104.JavaMail.evans@thyme,power
8526514.1075851643104.JavaMail.evans@thyme,we
8526514.1075851643104.JavaMail.evans@thyme,need
8526514.1075851643104.JavaMail.evans@thyme,to
8526514.1075851643104.JavaMail.evans@thyme,build
8526514.1075851643104.JavaMail.evans@thyme,more
8526514.1075851643104.JavaMail.evans@thyme,power
8526514.1075851643104.JavaMail.evans@thyme,plants
8526514.1075851643104.JavaMail.evans@thyme,in
8526514.1075851643104.JavaMail.evans@thyme,close
8526514.1075851643104.JavaMail.evans@thyme,proximity
8526514.1075851643104.JavaMail.evans@thyme,to
8526514.1075851643104.JavaMail.evans@thyme,the
8526514.1075851643104.JavaMail.evans@thyme,ones
8526514.1075851643104.JavaMail.evans@thyme,where
8526514.1075851643104.JavaMail.evans@thyme,companies
8526514.1075851643104.JavaMail.evans@thyme,have
8526514.1075851643104.JavaMail.evans@thyme,market
8526514.1075851643104.JavaMail.evans@thyme,power
8526514.1075851643104.JavaMail.evans@thyme,says
8526514.1075851643104.JavaMail.evans@thyme,mr
8526514.1075851643104.JavaMail.evans@thyme,borenstein
8526514.1075851643104.JavaMail.evans@thyme,the
8526514.1075851643104.JavaMail.evans@thyme,problem
8526514.1075851643104.JavaMail.evans@thyme,the
8526514.1075851643104.JavaMail.evans@thyme,economists
8526514.1075851643104.JavaMail.evans@thyme,say
8526514.1075851643104.JavaMail.evans@thyme,is
8526514.1075851643104.JavaMail.evans@thyme,that
8526514.1075851643104.JavaMail.evans@thyme,some
8526514.1075851643104.JavaMail.evans@thyme,areas
8526514.1075851643104.JavaMail.evans@thyme,of
8526514.1075851643104.JavaMail.evans@thyme,the
8526514.1075851643104.JavaMail.evans@thyme,state
8526514.1075851643104.JavaMail.evans@thyme,have
8526514.1075851643104.JavaMail.evans@thyme,only
8526514.1075851643104.JavaMail.evans@thyme,one
8526514.1075851643104.JavaMail.evans@thyme,power
8526514.1075851643104.JavaMail.evans@thyme,plant
8526514.1075851643104.JavaMail.evans@thyme,so
8526514.1075851643104.JavaMail.evans@thyme,the
8526514.1075851643104.JavaMail.evans@thyme,energy
8526514.1075851643104.JavaMail.evans@thyme,suppliers
8526514.1075851643104.JavaMail.evans@thyme,can
8526514.1075851643104.JavaMail.evans@thyme,manipulate
8526514.1075851643104.JavaMail.evans@thyme,the
8526514.1075851643104.JavaMail.evans@thyme,price
8526514.1075851643104.JavaMail.evans@thyme,by
8526514.1075851643104.JavaMail.evans@thyme,reducing
8526514.1075851643104.JavaMail.evans@thyme,output
8526514.1075851643104.JavaMail.evans@thyme,at
8526514.1075851643104.JavaMail.evans@thyme,a
8526514.1075851643104.JavaMail.evans@thyme,certain
8526514.1075851643104.JavaMail.evans@thyme,plant
8526514.1075851643104.JavaMail.evans@thyme,when
8526514.1075851643104.JavaMail.evans@thyme,demand
8526514.1075851643104.JavaMail.evans@thyme,is
8526514.1075851643104.JavaMail.evans@thyme,high
8526514.1075851643104.JavaMail.evans@thyme,in
8526514.1075851643104.JavaMail.evans@thyme,order
8526514.1075851643104.JavaMail.evans@thyme,to
8526514.1075851643104.JavaMail.evans@thyme,boost
8526514.1075851643104.JavaMail.evans@thyme,prices
8526514.1075851643104.JavaMail.evans@thyme,california
8526514.1075851643104.JavaMail.evans@thyme,does
8526514.1075851643104.JavaMail.evans@thyme,get
8526514.1075851643104.JavaMail.evans@thyme,some
8526514.1075851643104.JavaMail.evans@thyme,power
8526514.1075851643104.JavaMail.evans@thyme,from
8526514.1075851643104.JavaMail.evans@thyme,generators
8526514.1075851643104.JavaMail.evans@thyme,in
8526514.1075851643104.JavaMail.evans@thyme,the
8526514.1075851643104.JavaMail.evans@thyme,northwest
8526514.1075851643104.JavaMail.evans@thyme,and
8526514.1075851643104.JavaMail.evans@thyme,canada
8526514.1075851643104.JavaMail.evans@thyme,but
8526514.1075851643104.JavaMail.evans@thyme,because
8526514.1075851643104.JavaMail.evans@thyme,demand
8526514.1075851643104.JavaMail.evans@thyme,is
8526514.1075851643104.JavaMail.evans@thyme,so
8526514.1075851643104.JavaMail.evans@thyme,great
8526514.1075851643104.JavaMail.evans@thyme,in
8526514.1075851643104.JavaMail.evans@thyme,the
8526514.1075851643104.JavaMail.evans@thyme,state
8526514.1075851643104.JavaMail.evans@thyme,and
8526514.1075851643104.JavaMail.evans@thyme,throughout
8526514.1075851643104.JavaMail.evans@thyme,the
8526514.1075851643104.JavaMail.evans@thyme,entire
8526514.1075851643104.JavaMail.evans@thyme,region
8526514.1075851643104.JavaMail.evans@thyme,and
8526514.1075851643104.JavaMail.evans@thyme,supply
8526514.1075851643104.JavaMail.evans@thyme,is
8526514.1075851643104.JavaMail.evans@thyme,limited
8526514.1075851643104.JavaMail.evans@thyme,what
8526514.1075851643104.JavaMail.evans@thyme,is
8526514.1075851643104.JavaMail.evans@thyme,brought
8526514.1075851643104.JavaMail.evans@thyme,in
8526514.1075851643104.JavaMail.evans@thyme,doesn
8526514.1075851643104.JavaMail.evans@thyme,t
8526514.1075851643104.JavaMail.evans@thyme,make
8526514.1075851643104.JavaMail.evans@thyme,much
8526514.1075851643104.JavaMail.evans@thyme,of
8526514.1075851643104.JavaMail.evans@thyme,a
8526514.1075851643104.JavaMail.evans@thyme,dent
8526514.1075851643104.JavaMail.evans@thyme,the
8526514.1075851643104.JavaMail.evans@thyme,economists
8526514.1075851643104.JavaMail.evans@thyme,add
8526514.1075851643104.JavaMail.evans@thyme,that
8526514.1075851643104.JavaMail.evans@thyme,because
8526514.1075851643104.JavaMail.evans@thyme,suppliers
8526514.1075851643104.JavaMail.evans@thyme,including
8526514.1075851643104.JavaMail.evans@thyme,williams
8526514.1075851643104.JavaMail.evans@thyme,co
8526514.1075851643104.JavaMail.evans@thyme,duke
8526514.1075851643104.JavaMail.evans@thyme,energy
8526514.1075851643104.JavaMail.evans@thyme,mirant
8526514.1075851643104.JavaMail.evans@thyme,corp
8526514.1075851643104.JavaMail.evans@thyme,and
8526514.1075851643104.JavaMail.evans@thyme,enron
8526514.1075851643104.JavaMail.evans@thyme,corp
8526514.1075851643104.JavaMail.evans@thyme,have
8526514.1075851643104.JavaMail.evans@thyme,this
8526514.1075851643104.JavaMail.evans@thyme,freedom
8526514.1075851643104.JavaMail.evans@thyme,to
8526514.1075851643104.JavaMail.evans@thyme,charge
8526514.1075851643104.JavaMail.evans@thyme,whatever
8526514.1075851643104.JavaMail.evans@thyme,the
8526514.1075851643104.JavaMail.evans@thyme,market
8526514.1075851643104.JavaMail.evans@thyme,will
8526514.1075851643104.JavaMail.evans@thyme,bear
8526514.1075851643104.JavaMail.evans@thyme,they
8526514.1075851643104.JavaMail.evans@thyme,can
8526514.1075851643104.JavaMail.evans@thyme,take
8526514.1075851643104.JavaMail.evans@thyme,unfair
8526514.1075851643104.JavaMail.evans@thyme,advantage
8526514.1075851643104.JavaMail.evans@thyme,of
8526514.1075851643104.JavaMail.evans@thyme,consumers
8526514.1075851643104.JavaMail.evans@thyme,for
8526514.1075851643104.JavaMail.evans@thyme,instance
8526514.1075851643104.JavaMail.evans@thyme,in
8526514.1075851643104.JavaMail.evans@thyme,carlsbad
8526514.1075851643104.JavaMail.evans@thyme,a
8526514.1075851643104.JavaMail.evans@thyme,community
8526514.1075851643104.JavaMail.evans@thyme,in
8526514.1075851643104.JavaMail.evans@thyme,san
8526514.1075851643104.JavaMail.evans@thyme,diego
8526514.1075851643104.JavaMail.evans@thyme,only
8526514.1075851643104.JavaMail.evans@thyme,one
8526514.1075851643104.JavaMail.evans@thyme,power
8526514.1075851643104.JavaMail.evans@thyme,plant
8526514.1075851643104.JavaMail.evans@thyme,owned
8526514.1075851643104.JavaMail.evans@thyme,by
8526514.1075851643104.JavaMail.evans@thyme,duke
8526514.1075851643104.JavaMail.evans@thyme,energy
8526514.1075851643104.JavaMail.evans@thyme,provides
8526514.1075851643104.JavaMail.evans@thyme,electricity
8526514.1075851643104.JavaMail.evans@thyme,to
8526514.1075851643104.JavaMail.evans@thyme,utilities
8526514.1075851643104.JavaMail.evans@thyme,in
8526514.1075851643104.JavaMail.evans@thyme,that
8526514.1075851643104.JavaMail.evans@thyme,area
8526514.1075851643104.JavaMail.evans@thyme,the
8526514.1075851643104.JavaMail.evans@thyme,company
8526514.1075851643104.JavaMail.evans@thyme,has
8526514.1075851643104.JavaMail.evans@thyme,no
8526514.1075851643104.JavaMail.evans@thyme,competition
8526514.1075851643104.JavaMail.evans@thyme,so
8526514.1075851643104.JavaMail.evans@thyme,it
8526514.1075851643104.JavaMail.evans@thyme,has
8526514.1075851643104.JavaMail.evans@thyme,the
8526514.1075851643104.JavaMail.evans@thyme,ability
8526514.1075851643104.JavaMail.evans@thyme,to
8526514.1075851643104.JavaMail.evans@thyme,set
8526514.1075851643104.JavaMail.evans@thyme,the
8526514.1075851643104.JavaMail.evans@thyme,price
8526514.1075851643104.JavaMail.evans@thyme,for
8526514.1075851643104.JavaMail.evans@thyme,its
8526514.1075851643104.JavaMail.evans@thyme,power
8526514.1075851643104.JavaMail.evans@thyme,according
8526514.1075851643104.JavaMail.evans@thyme,to
8526514.1075851643104.JavaMail.evans@thyme,state
8526514.1075851643104.JavaMail.evans@thyme,sen
8526514.1075851643104.JavaMail.evans@thyme,joseph
8526514.1075851643104.JavaMail.evans@thyme,dunn
8526514.1075851643104.JavaMail.evans@thyme,a
8526514.1075851643104.JavaMail.evans@thyme,democrat
8526514.1075851643104.JavaMail.evans@thyme,from
8526514.1075851643104.JavaMail.evans@thyme,santa
8526514.1075851643104.JavaMail.evans@thyme,ana
8526514.1075851643104.JavaMail.evans@thyme,who
8526514.1075851643104.JavaMail.evans@thyme,has
8526514.1075851643104.JavaMail.evans@thyme,set
8526514.1075851643104.JavaMail.evans@thyme,up
8526514.1075851643104.JavaMail.evans@thyme,a
8526514.1075851643104.JavaMail.evans@thyme,senate
8526514.1075851643104.JavaMail.evans@thyme,committee
8526514.1075851643104.JavaMail.evans@thyme,to
8526514.1075851643104.JavaMail.evans@thyme,investigate
8526514.1075851643104.JavaMail.evans@thyme,manipulation
8526514.1075851643104.JavaMail.evans@thyme,in
8526514.1075851643104.JavaMail.evans@thyme,the
8526514.1075851643104.JavaMail.evans@thyme,wholesale
8526514.1075851643104.JavaMail.evans@thyme,power
8526514.1075851643104.JavaMail.evans@thyme,market
8526514.1075851643104.JavaMail.evans@thyme,if
8526514.1075851643104.JavaMail.evans@thyme,you
8526514.1075851643104.JavaMail.evans@thyme,need
8526514.1075851643104.JavaMail.evans@thyme,electricity
8526514.1075851643104.JavaMail.evans@thyme,and
8526514.1075851643104.JavaMail.evans@thyme,there
8526514.1075851643104.JavaMail.evans@thyme,s
8526514.1075851643104.JavaMail.evans@thyme,only
8526514.1075851643104.JavaMail.evans@thyme,one
8526514.1075851643104.JavaMail.evans@thyme,place
8526514.1075851643104.JavaMail.evans@thyme,to
8526514.1075851643104.JavaMail.evans@thyme,buy
8526514.1075851643104.JavaMail.evans@thyme,it
8526514.1075851643104.JavaMail.evans@thyme,and
8526514.1075851643104.JavaMail.evans@thyme,everyone
8526514.1075851643104.JavaMail.evans@thyme,wants
8526514.1075851643104.JavaMail.evans@thyme,it
8526514.1075851643104.JavaMail.evans@thyme,you
8526514.1075851643104.JavaMail.evans@thyme,re
8526514.1075851643104.JavaMail.evans@thyme,going
8526514.1075851643104.JavaMail.evans@thyme,to
8526514.1075851643104.JavaMail.evans@thyme,pay
8526514.1075851643104.JavaMail.evans@thyme,through
8526514.1075851643104.JavaMail.evans@thyme,the
8526514.1075851643104.JavaMail.evans@thyme,nose
8526514.1075851643104.JavaMail.evans@thyme,says
8526514.1075851643104.JavaMail.evans@thyme,frank
8526514.1075851643104.JavaMail.evans@thyme,wolak
8526514.1075851643104.JavaMail.evans@thyme,an
8526514.1075851643104.JavaMail.evans@thyme,economics
8526514.1075851643104.JavaMail.evans@thyme,professor
8526514.1075851643104.JavaMail.evans@thyme,at
8526514.1075851643104.JavaMail.evans@thyme,stanford
8526514.1075851643104.JavaMail.evans@thyme,university
8526514.1075851643104.JavaMail.evans@thyme,and
8526514.1075851643104.JavaMail.evans@thyme,the
8526514.1075851643104.JavaMail.evans@thyme,director
8526514.1075851643104.JavaMail.evans@thyme,of
8526514.1075851643104.JavaMail.evans@thyme,a
8526514.1075851643104.JavaMail.evans@thyme,power
8526514.1075851643104.JavaMail.evans@thyme,market
8526514.1075851643104.JavaMail.evans@thyme,monitoring
8526514.1075851643104.JavaMail.evans@thyme,committee
8526514.1075851643104.JavaMail.evans@thyme,which
8526514.1075851643104.JavaMail.evans@thyme,monitors
8526514.1075851643104.JavaMail.evans@thyme,the
8526514.1075851643104.JavaMail.evans@thyme,wholesale
8526514.1075851643104.JavaMail.evans@thyme,electricity
8526514.1075851643104.JavaMail.evans@thyme,market
8526514.1075851643104.JavaMail.evans@thyme,to
8526514.1075851643104.JavaMail.evans@thyme,identify
8526514.1075851643104.JavaMail.evans@thyme,anticompetitive
8526514.1075851643104.JavaMail.evans@thyme,behavior
8526514.1075851643104.JavaMail.evans@thyme,is
8526514.1075851643104.JavaMail.evans@thyme,this
8526514.1075851643104.JavaMail.evans@thyme,fair
8526514.1075851643104.JavaMail.evans@thyme,no
8526514.1075851643104.JavaMail.evans@thyme,something
8526514.1075851643104.JavaMail.evans@thyme,must
8526514.1075851643104.JavaMail.evans@thyme,be
8526514.1075851643104.JavaMail.evans@thyme,done
8526514.1075851643104.JavaMail.evans@thyme,about
8526514.1075851643104.JavaMail.evans@thyme,it
8526514.1075851643104.JavaMail.evans@thyme,duke
8526514.1075851643104.JavaMail.evans@thyme,energy
8526514.1075851643104.JavaMail.evans@thyme,spokesman
8526514.1075851643104.JavaMail.evans@thyme,tom
8526514.1075851643104.JavaMail.evans@thyme,williams
8526514.1075851643104.JavaMail.evans@thyme,says
8526514.1075851643104.JavaMail.evans@thyme,the
8526514.1075851643104.JavaMail.evans@thyme,company
8526514.1075851643104.JavaMail.evans@thyme,denies
8526514.1075851643104.JavaMail.evans@thyme,that
8526514.1075851643104.JavaMail.evans@thyme,it
8526514.1075851643104.JavaMail.evans@thyme,has
8526514.1075851643104.JavaMail.evans@thyme,ever
8526514.1075851643104.JavaMail.evans@thyme,done
8526514.1075851643104.JavaMail.evans@thyme,this
8526514.1075851643104.JavaMail.evans@thyme,and
8526514.1075851643104.JavaMail.evans@thyme,rejects
8526514.1075851643104.JavaMail.evans@thyme,allegations
8526514.1075851643104.JavaMail.evans@thyme,that
8526514.1075851643104.JavaMail.evans@thyme,it
8526514.1075851643104.JavaMail.evans@thyme,has
8526514.1075851643104.JavaMail.evans@thyme,manipulated
8526514.1075851643104.JavaMail.evans@thyme,the
8526514.1075851643104.JavaMail.evans@thyme,price
8526514.1075851643104.JavaMail.evans@thyme,of
8526514.1075851643104.JavaMail.evans@thyme,electricity
8526514.1075851643104.JavaMail.evans@thyme,spokespeople
8526514.1075851643104.JavaMail.evans@thyme,for
8526514.1075851643104.JavaMail.evans@thyme,the
8526514.1075851643104.JavaMail.evans@thyme,other
8526514.1075851643104.JavaMail.evans@thyme,companies
8526514.1075851643104.JavaMail.evans@thyme,also
8526514.1075851643104.JavaMail.evans@thyme,deny
8526514.1075851643104.JavaMail.evans@thyme,such
8526514.1075851643104.JavaMail.evans@thyme,allegations
8526514.1075851643104.JavaMail.evans@thyme,saying
8526514.1075851643104.JavaMail.evans@thyme,prices
8526514.1075851643104.JavaMail.evans@thyme,have
8526514.1075851643104.JavaMail.evans@thyme,surged
8526514.1075851643104.JavaMail.evans@thyme,because
8526514.1075851643104.JavaMail.evans@thyme,demand
8526514.1075851643104.JavaMail.evans@thyme,has
8526514.1075851643104.JavaMail.evans@thyme,outstripped
8526514.1075851643104.JavaMail.evans@thyme,supply
8526514.1075851643104.JavaMail.evans@thyme,partly
8526514.1075851643104.JavaMail.evans@thyme,to
8526514.1075851643104.JavaMail.evans@thyme,prevent
8526514.1075851643104.JavaMail.evans@thyme,possible
8526514.1075851643104.JavaMail.evans@thyme,abuse
8526514.1075851643104.JavaMail.evans@thyme,of
8526514.1075851643104.JavaMail.evans@thyme,market
8526514.1075851643104.JavaMail.evans@thyme,power
8526514.1075851643104.JavaMail.evans@thyme,by
8526514.1075851643104.JavaMail.evans@thyme,suppliers
8526514.1075851643104.JavaMail.evans@thyme,the
8526514.1075851643104.JavaMail.evans@thyme,independent
8526514.1075851643104.JavaMail.evans@thyme,system
8526514.1075851643104.JavaMail.evans@thyme,operator
8526514.1075851643104.JavaMail.evans@thyme,which
8526514.1075851643104.JavaMail.evans@thyme,runs
8526514.1075851643104.JavaMail.evans@thyme,california
8526514.1075851643104.JavaMail.evans@thyme,s
8526514.1075851643104.JavaMail.evans@thyme,grid
8526514.1075851643104.JavaMail.evans@thyme,contracted
8526514.1075851643104.JavaMail.evans@thyme,with
8526514.1075851643104.JavaMail.evans@thyme,energy
8526514.1075851643104.JavaMail.evans@thyme,companies
8526514.1075851643104.JavaMail.evans@thyme,to
8526514.1075851643104.JavaMail.evans@thyme,have
8526514.1075851643104.JavaMail.evans@thyme,them
8526514.1075851643104.JavaMail.evans@thyme,operate
8526514.1075851643104.JavaMail.evans@thyme,some
8526514.1075851643104.JavaMail.evans@thyme,power
8526514.1075851643104.JavaMail.evans@thyme,plants
8526514.1075851643104.JavaMail.evans@thyme,as
8526514.1075851643104.JavaMail.evans@thyme,reliability
8526514.1075851643104.JavaMail.evans@thyme,must
8526514.1075851643104.JavaMail.evans@thyme,run
8526514.1075851643104.JavaMail.evans@thyme,units
8526514.1075851643104.JavaMail.evans@thyme,in
8526514.1075851643104.JavaMail.evans@thyme,return
8526514.1075851643104.JavaMail.evans@thyme,for
8526514.1075851643104.JavaMail.evans@thyme,a
8526514.1075851643104.JavaMail.evans@thyme,fixed
8526514.1075851643104.JavaMail.evans@thyme,annual
8526514.1075851643104.JavaMail.evans@thyme,payment
8526514.1075851643104.JavaMail.evans@thyme,from
8526514.1075851643104.JavaMail.evans@thyme,the
8526514.1075851643104.JavaMail.evans@thyme,state
8526514.1075851643104.JavaMail.evans@thyme,the
8526514.1075851643104.JavaMail.evans@thyme,companies
8526514.1075851643104.JavaMail.evans@thyme,agreed
8526514.1075851643104.JavaMail.evans@thyme,to
8526514.1075851643104.JavaMail.evans@thyme,make
8526514.1075851643104.JavaMail.evans@thyme,these
8526514.1075851643104.JavaMail.evans@thyme,plants
8526514.1075851643104.JavaMail.evans@thyme,available
8526514.1075851643104.JavaMail.evans@thyme,at
8526514.1075851643104.JavaMail.evans@thyme,a
8526514.1075851643104.JavaMail.evans@thyme,moment
8526514.1075851643104.JavaMail.evans@thyme,s
8526514.1075851643104.JavaMail.evans@thyme,notice
8526514.1075851643104.JavaMail.evans@thyme,to
8526514.1075851643104.JavaMail.evans@thyme,balance
8526514.1075851643104.JavaMail.evans@thyme,supply
8526514.1075851643104.JavaMail.evans@thyme,and
8526514.1075851643104.JavaMail.evans@thyme,demand
8526514.1075851643104.JavaMail.evans@thyme,electricity
8526514.1075851643104.JavaMail.evans@thyme,from
8526514.1075851643104.JavaMail.evans@thyme,the
8526514.1075851643104.JavaMail.evans@thyme,plants
8526514.1075851643104.JavaMail.evans@thyme,was
8526514.1075851643104.JavaMail.evans@thyme,priced
8526514.1075851643104.JavaMail.evans@thyme,based
8526514.1075851643104.JavaMail.evans@thyme,on
8526514.1075851643104.JavaMail.evans@thyme,the
8526514.1075851643104.JavaMail.evans@thyme,price
8526514.1075851643104.JavaMail.evans@thyme,of
8526514.1075851643104.JavaMail.evans@thyme,natural
8526514.1075851643104.JavaMail.evans@thyme,gas
8526514.1075851643104.JavaMail.evans@thyme,and
